Fecha reserva,TÃ­tulo,Orden
2025-10-0800:00:00,Principal,1
2025-10-3100:00:00,Principal,3
2025-10-3100:00:00,Principal,3
2025-10-3100:00:00,Principal,3
2025-10-3100:00:00,Principal,3
2025-10-3100:00:00,Principal,3
2025-10-3100:00:00,Principal,3
2025-10-3100:00:00,Principal,3
2025-10-3100:00:00,Principal,3
2025-10-3100:00:00,Principal,3
2025-10-3100:00:00,Principal,3
2025-10-3100:00:00,Principal,3
2025-10-3100:00:00,Principal,3
2025-10-3100:00:00,Principal,3
2025-10-3100:00:00,Principal,3
2025-10-3100:00:00,Principal,3
2025-10-3100:00:00,Principal,3
2025-10-3100:00:00,Principal,3
2025-10-3100:00:00,Principal,3
2025-10-3100:00:00,Principal,3
2025-10-3100:00:00,Principal,3
2025-10-3100:00:00,Secundario,3
2025-10-3100:00:00,Secundario,3
